日付,証券コード,会社名,株価,配当利回り(%),分割調整
2026-07-31,1870,矢作建設工業,1908.0,5.24,
2026-07-31,1928,積水ハウス,3488.0,4.15,
2026-07-31,2379,ディップ,1860.0,5.21,
2026-07-31,3431,宮地エンジニアリンググループ,1585.0,4.73,
2026-07-31,3861,王子ホールディングス,879.0,4.09,
2026-07-31,4042,東ソー,2710.0,3.68,
2026-07-31,4208,ＵＢＥ,3183.0,5.02,
2026-07-31,4502,武田薬品工業,5513.0,3.7,
2026-07-31,4503,アステラス製薬,2202.0,3.63,
2026-07-31,4521,科研製薬,3795.0,5.0,
2026-07-31,4671,ファルコホールディングス,2651.0,4.82,
2026-07-31,4928,ノエビアホールディングス,4970.0,4.62,
2026-07-31,5201,ＡＧＣ,6079.0,3.45,
2026-07-31,5406,神戸製鋼所,2077.0,3.85,
2026-07-31,5411,ＪＦＥホールディングス,1817.0,4.4,
2026-07-31,5938,ＬＩＸＩＬ,1735.0,5.18,
2026-07-31,6652,ＩＤＥＣ,3535.0,3.67,
2026-07-31,6724,セイコーエプソン,2950.0,2.71,
2026-07-31,7261,マツダ,1176.0,4.67,
2026-07-31,7267,ホンダ,1625.0,4.3,
2026-07-31,7313,テイ・エステック,1838.0,5.0,
2026-07-31,7762,シチズン時計,2133.0,2.34,
2026-07-31,7956,ピジョン,2020.0,3.76,
2026-07-31,8097,三愛オブリ,2325.0,4.3,
2026-07-31,8130,サンゲツ,3095.0,5.0,
2026-07-31,8252,丸井グループ,2967.0,4.51,
2026-07-31,8309,三井住友トラストグループ,1654.0,2.87,
2026-07-31,8593,三菱ＨＣキャピタル,1473.0,3.46,
2026-07-31,8725,ＭＳ＆ＡＤインシュアランスグループホールディングス,4924.0,3.45,
2026-07-31,8771,イー・ギャランティ,1842.0,4.56,
2026-07-31,9104,商船三井,5894.0,3.47,
2026-07-31,9107,川崎汽船,2850.0,4.21,
2026-07-31,9364,上組,5179.0,3.95,
2026-08-07,1870,矢作建設工業,1992.0,5.02,
2026-08-07,1928,積水ハウス,3427.0,4.23,
2026-08-07,2379,ディップ,1835.0,5.28,
2026-08-07,3431,宮地エンジニアリンググループ,1586.0,4.72,
2026-08-07,3861,王子ホールディングス,885.0,4.06,
2026-08-07,4042,東ソー,2722.0,3.67,
2026-08-07,4208,ＵＢＥ,3350.0,4.77,
2026-08-07,4502,武田薬品工業,5540.0,3.68,
2026-08-07,4503,アステラス製薬,2327.0,3.43,
2026-08-07,4521,科研製薬,3900.0,4.87,
2026-08-07,4671,ファルコホールディングス,2690.0,4.75,
2026-08-07,4928,ノエビアホールディングス,4790.0,4.8,
2026-08-07,5201,ＡＧＣ,5811.0,3.61,
2026-08-07,5406,神戸製鋼所,2040.0,3.92,
2026-08-07,5411,ＪＦＥホールディングス,1865.0,4.28,
2026-08-07,5938,ＬＩＸＩＬ,1815.0,4.95,
2026-08-07,6652,ＩＤＥＣ,3700.0,3.51,
2026-08-07,6724,セイコーエプソン,3175.0,2.51,
2026-08-07,7261,マツダ,1168.0,4.7,
2026-08-07,7267,ホンダ,1683.0,4.15,
2026-08-07,7313,テイ・エステック,1821.0,5.05,
2026-08-07,7762,シチズン時計,2393.0,2.08,
2026-08-07,7956,ピジョン,2092.0,3.63,
2026-08-07,8097,三愛オブリ,2343.0,4.26,
2026-08-07,8130,サンゲツ,3110.0,4.98,
2026-08-07,8252,丸井グループ,2964.0,4.52,
2026-08-07,8309,三井住友トラストグループ,1680.0,2.82,
2026-08-07,8593,三菱ＨＣキャピタル,1446.0,3.52,
2026-08-07,8725,ＭＳ＆ＡＤインシュアランスグループホールディングス,4850.0,3.5,
2026-08-07,8771,イー・ギャランティ,1860.0,4.51,
2026-08-07,9104,商船三井,6186.0,3.31,
2026-08-07,9107,川崎汽船,2855.0,4.2,
2026-08-07,9364,上組,5061.0,4.05,
2026-08-14,1870,矢作建設工業,2068.0,5.31,
2026-08-14,1928,積水ハウス,3444.0,4.21,
2026-08-14,2379,ディップ,1860.0,5.21,
2026-08-14,3431,宮地エンジニアリンググループ,1616.0,4.64,
2026-08-14,3861,王子ホールディングス,875.0,4.11,
2026-08-14,4042,東ソー,2750.0,3.63,
2026-08-14,4208,ＵＢＥ,3654.0,4.37,
2026-08-14,4502,武田薬品工業,5611.0,3.63,
2026-08-14,4503,アステラス製薬,2356.0,3.39,
2026-08-14,4521,科研製薬,4015.0,4.73,
2026-08-14,4671,ファルコホールディングス,2834.0,4.51,
2026-08-14,4928,ノエビアホールディングス,4825.0,4.76,
2026-08-14,5201,ＡＧＣ,5961.0,3.52,
2026-08-14,5406,神戸製鋼所,1986.0,4.02,
2026-08-14,5411,ＪＦＥホールディングス,1788.0,4.47,
2026-08-14,5938,ＬＩＸＩＬ,1761.0,5.11,
2026-08-14,6652,ＩＤＥＣ,3795.0,3.42,
2026-08-14,6724,セイコーエプソン,3171.0,2.52,
2026-08-14,7261,マツダ,1169.0,4.7,
2026-08-14,7267,ホンダ,1658.0,4.22,
2026-08-14,7313,テイ・エステック,1827.0,5.03,
2026-08-14,7762,シチズン時計,2751.0,1.81,
2026-08-14,7956,ピジョン,2113.0,3.59,
2026-08-14,8097,三愛オブリ,2357.0,4.24,
2026-08-14,8130,サンゲツ,3150.0,4.92,
2026-08-14,8252,丸井グループ,2968.0,4.51,
2026-08-14,8309,三井住友トラストグループ,1737.0,2.73,
2026-08-14,8593,三菱ＨＣキャピタル,1401.0,3.64,
2026-08-14,8725,ＭＳ＆ＡＤインシュアランスグループホールディングス,4836.0,3.51,
2026-08-14,8771,イー・ギャランティ,1855.0,4.52,
2026-08-14,9104,商船三井,6471.0,3.16,
2026-08-14,9107,川崎汽船,3030.0,3.96,
2026-08-14,9364,上組,4953.0,4.13,
2026-08-21,1870,矢作建設工業,2138.0,5.14,
2026-08-21,1928,積水ハウス,3471.0,4.17,
2026-08-21,2379,ディップ,1880.0,5.15,
2026-08-21,3431,宮地エンジニアリンググループ,1639.0,4.57,
2026-08-21,3861,王子ホールディングス,866.0,4.15,
2026-08-21,4042,東ソー,2656.0,3.76,
2026-08-21,4208,ＵＢＥ,3568.0,4.48,
2026-08-21,4502,武田薬品工業,5764.0,3.53,
2026-08-21,4503,アステラス製薬,2387.0,3.35,
2026-08-21,4521,科研製薬,3985.0,4.76,
2026-08-21,4671,ファルコホールディングス,2824.0,4.53,
2026-08-21,4928,ノエビアホールディングス,4875.0,4.71,
2026-08-21,5201,ＡＧＣ,5802.0,3.61,
2026-08-21,5406,神戸製鋼所,2024.0,3.95,
2026-08-21,5411,ＪＦＥホールディングス,1845.0,4.33,
2026-08-21,5938,ＬＩＸＩＬ,1756.0,5.12,
2026-08-21,6652,ＩＤＥＣ,3650.0,3.56,
2026-08-21,6724,セイコーエプソン,3063.0,2.61,
2026-08-21,7261,マツダ,1207.0,4.55,
2026-08-21,7267,ホンダ,1753.0,3.99,
2026-08-21,7313,テイ・エステック,1854.0,4.96,
2026-08-21,7762,シチズン時計,2529.0,2.09,
2026-08-21,7956,ピジョン,2155.0,3.52,
2026-08-21,8097,三愛オブリ,2414.0,4.14,
2026-08-21,8130,サンゲツ,3180.0,4.87,
2026-08-21,8252,丸井グループ,2989.0,4.48,
2026-08-21,8309,三井住友トラストグループ,1715.0,2.76,
2026-08-21,8593,三菱ＨＣキャピタル,1395.0,3.65,
2026-08-21,8725,ＭＳ＆ＡＤインシュアランスグループホールディングス,4945.0,3.43,
2026-08-21,8771,イー・ギャランティ,1838.0,4.57,
2026-08-21,8929,青山財産ネットワークス,1338.0,4.33,
2026-08-21,9104,商船三井,7278.0,2.81,
2026-08-21,9107,川崎汽船,3405.0,3.52,
2026-08-21,9364,上組,4856.0,4.22,
2026-08-28,1870,矢作建設工業,2194.0,5.01,
2026-08-28,1928,積水ハウス,3428.0,4.22,
2026-08-28,2379,ディップ,1840.0,5.27,
2026-08-28,3431,宮地エンジニアリンググループ,1621.0,4.62,
2026-08-28,3861,王子ホールディングス,881.0,4.08,
2026-08-28,4042,東ソー,2657.0,3.76,
2026-08-28,4208,ＵＢＥ,3570.0,4.48,
2026-08-28,4502,武田薬品工業,5800.0,3.51,
2026-08-28,4503,アステラス製薬,2370.0,3.37,
2026-08-28,4521,科研製薬,3990.0,4.76,
2026-08-28,4671,ファルコホールディングス,2916.0,4.38,
2026-08-28,4928,ノエビアホールディングス,4935.0,4.66,
2026-08-28,5201,ＡＧＣ,5729.0,3.66,
2026-08-28,5406,神戸製鋼所,2027.0,3.94,
2026-08-28,5411,ＪＦＥホールディングス,1859.0,4.3,
2026-08-28,5938,ＬＩＸＩＬ,1758.0,5.11,
2026-08-28,6652,ＩＤＥＣ,3500.0,3.71,
2026-08-28,6724,セイコーエプソン,3218.0,2.48,
2026-08-28,7261,マツダ,1216.0,4.52,
2026-08-28,7267,ホンダ,1702.0,4.11,
2026-08-28,7313,テイ・エステック,1843.0,4.99,
2026-08-28,7762,シチズン時計,2740.0,1.93,
2026-08-28,7956,ピジョン,2137.0,3.55,
2026-08-28,8097,三愛オブリ,2428.0,4.11,
2026-08-28,8130,サンゲツ,3230.0,4.79,
2026-08-28,8252,丸井グループ,2950.0,4.54,
2026-08-28,8309,三井住友トラストグループ,1789.0,2.65,
2026-08-28,8593,三菱ＨＣキャピタル,1402.0,3.63,
2026-08-28,8725,ＭＳ＆ＡＤインシュアランスグループホールディングス,5114.0,3.32,
2026-08-28,8771,イー・ギャランティ,1802.0,4.66,
2026-08-28,8929,青山財産ネットワークス,1429.0,4.05,
2026-08-28,9104,商船三井,7096.0,2.88,
2026-08-28,9107,川崎汽船,3382.0,3.54,
2026-08-28,9364,上組,4868.0,4.21,
2026-09-04,1870,矢作建設工業,2137.0,5.14,
2026-09-04,1928,積水ハウス,3379.0,4.29,
2026-09-04,2379,ディップ,1814.0,5.34,
2026-09-04,3431,宮地エンジニアリンググループ,1577.0,4.75,
2026-09-04,3861,王子ホールディングス,875.0,4.11,
2026-09-04,4042,東ソー,2655.0,3.76,
2026-09-04,4208,ＵＢＥ,3442.0,4.64,
2026-09-04,4502,武田薬品工業,5753.0,3.54,
2026-09-04,4503,アステラス製薬,2355.0,3.39,
2026-09-04,4521,科研製薬,3920.0,4.84,
2026-09-04,4671,ファルコホールディングス,2940.0,4.35,
2026-09-04,4928,ノエビアホールディングス,4810.0,4.78,
2026-09-04,5201,ＡＧＣ,5591.0,3.75,
2026-09-04,5406,神戸製鋼所,2029.0,3.94,
2026-09-04,5411,ＪＦＥホールディングス,1835.0,4.35,
2026-09-04,5938,ＬＩＸＩＬ,1758.0,5.11,
2026-09-04,6652,ＩＤＥＣ,3630.0,3.58,
2026-09-04,6724,セイコーエプソン,3237.0,2.47,
2026-09-04,7261,マツダ,1175.0,4.67,
2026-09-04,7267,ホンダ,1696.0,4.12,
2026-09-04,7313,テイ・エステック,1847.0,4.97,
2026-09-04,7762,シチズン時計,2613.0,2.02,
2026-09-04,7956,ピジョン,2056.0,3.69,
2026-09-04,8097,三愛オブリ,2437.0,4.1,
2026-09-04,8130,サンゲツ,3180.0,4.87,
2026-09-04,8252,丸井グループ,2921.0,4.58,
2026-09-04,8309,三井住友トラストグループ,1801.0,2.63,
2026-09-04,8593,三菱ＨＣキャピタル,1394.0,3.65,
2026-09-04,8725,ＭＳ＆ＡＤインシュアランスグループホールディングス,5240.0,3.24,
2026-09-04,8771,イー・ギャランティ,1710.0,4.91,
2026-09-04,8929,青山財産ネットワークス,1387.0,4.18,
2026-09-04,9104,商船三井,6969.0,2.94,
2026-09-04,9107,川崎汽船,3328.0,3.6,
2026-09-04,9364,上組,4873.0,4.2,
2026-09-11,1870,矢作建設工業,2104.0,5.22,
2026-09-11,1928,積水ハウス,3361.0,4.31,
2026-09-11,2379,ディップ,1797.0,5.39,
2026-09-11,3431,宮地エンジニアリンググループ,1550.0,4.83,
2026-09-11,3861,王子ホールディングス,867.0,4.15,
2026-09-11,4042,東ソー,2566.0,3.89,
2026-09-11,4208,ＵＢＥ,3380.0,4.73,
2026-09-11,4502,武田薬品工業,5666.0,3.6,
2026-09-11,4503,アステラス製薬,2240.0,3.57,
2026-09-11,4521,科研製薬,3830.0,4.96,
2026-09-11,4671,ファルコホールディングス,2824.0,4.53,
2026-09-11,4928,ノエビアホールディングス,4740.0,4.85,
2026-09-11,5201,ＡＧＣ,5537.0,3.79,
2026-09-11,5406,神戸製鋼所,2021.0,3.95,
2026-09-11,5411,ＪＦＥホールディングス,1820.0,4.39,
2026-09-11,5938,ＬＩＸＩＬ,1717.0,5.24,
2026-09-11,6652,ＩＤＥＣ,3575.0,3.63,
2026-09-11,6724,セイコーエプソン,3050.0,2.62,
2026-09-11,7261,マツダ,1140.0,4.82,
2026-09-11,7267,ホンダ,1664.0,4.2,
2026-09-11,7313,テイ・エステック,1814.0,5.07,
2026-09-11,7762,シチズン時計,2210.0,2.39,
2026-09-11,7956,ピジョン,1912.0,3.97,
2026-09-11,8097,三愛オブリ,2394.0,4.17,
2026-09-11,8130,サンゲツ,3175.0,4.88,
2026-09-11,8252,丸井グループ,2852.0,4.69,
2026-09-11,8309,三井住友トラストグループ,1767.0,2.68,
2026-09-11,8593,三菱ＨＣキャピタル,1382.0,3.69,
2026-09-11,8725,ＭＳ＆ＡＤインシュアランスグループホールディングス,5091.0,3.33,
2026-09-11,8771,イー・ギャランティ,1737.0,4.83,
2026-09-11,8929,青山財産ネットワークス,1335.0,4.34,
2026-09-11,9104,商船三井,7046.0,2.9,
2026-09-11,9107,川崎汽船,3397.0,3.53,
2026-09-11,9364,上組,4809.0,4.26,
2026-09-18,1870,矢作建設工業,2193.0,5.01,
2026-09-18,1928,積水ハウス,3350.0,4.32,
2026-09-18,2379,ディップ,1848.0,5.24,
2026-09-18,3431,宮地エンジニアリンググループ,1568.0,4.78,
2026-09-18,3861,王子ホールディングス,875.0,4.11,
2026-09-18,4042,東ソー,2599.0,3.84,
2026-09-18,4208,ＵＢＥ,3452.0,4.63,
2026-09-18,4502,武田薬品工業,5968.0,3.41,
2026-09-18,4503,アステラス製薬,2383.0,3.35,
2026-09-18,4521,科研製薬,3980.0,4.77,
2026-09-18,4671,ファルコホールディングス,2905.0,4.4,
2026-09-18,4928,ノエビアホールディングス,4810.0,4.78,
2026-09-18,5201,ＡＧＣ,5646.0,3.71,
2026-09-18,5406,神戸製鋼所,2069.0,3.86,
2026-09-18,5411,ＪＦＥホールディングス,1883.0,4.24,
2026-09-18,5938,ＬＩＸＩＬ,1730.0,5.2,
2026-09-18,6652,ＩＤＥＣ,3810.0,3.41,
2026-09-18,6724,セイコーエプソン,3144.0,2.54,
2026-09-18,7261,マツダ,1157.0,4.75,
2026-09-18,7267,ホンダ,1689.0,4.14,
2026-09-18,7313,テイ・エステック,1834.0,5.01,
2026-09-18,7762,シチズン時計,2345.0,2.26,
2026-09-18,7956,ピジョン,2027.0,3.74,
2026-09-18,8097,三愛オブリ,2478.0,4.03,
2026-09-18,8130,サンゲツ,3215.0,4.82,
2026-09-18,8252,丸井グループ,2882.0,4.64,
2026-09-18,8309,三井住友トラストグループ,1768.0,2.68,
2026-09-18,8593,三菱ＨＣキャピタル,1384.0,3.68,
2026-09-18,8725,ＭＳ＆ＡＤインシュアランスグループホールディングス,5217.0,3.25,
2026-09-18,8771,イー・ギャランティ,1786.0,4.7,
2026-09-18,8929,青山財産ネットワークス,1388.0,4.17,
2026-09-18,9104,商船三井,7240.0,2.83,
2026-09-18,9107,川崎汽船,3497.0,3.43,
2026-09-18,9364,上組,4872.0,4.2,
