証券コード,会社名,日経業種,33業種
1870,矢作建設工業,建設,建設業
1925,大和ハウス工業,建設,建設業
1928,積水ハウス,建設,建設業
2379,ディップ,サービス,サービス業
3431,宮地エンジニアリンググループ,非鉄・金属,金属製品
3861,王子ホールディングス,パルプ・紙,パルプ・紙
4042,東ソー,化学,化学
4208,ＵＢＥ,化学,化学
4502,武田薬品工業,医薬品,医薬品
4503,アステラス製薬,医薬品,医薬品
4521,科研製薬,医薬品,医薬品
4671,ファルコホールディングス,サービス,サービス業
4928,ノエビアホールディングス,化学,化学
5201,ＡＧＣ,窯業,ガラス・土石製品
5406,神戸製鋼所,鉄鋼,鉄鋼
5411,ＪＦＥホールディングス,鉄鋼,鉄鋼
5938,ＬＩＸＩＬ,非鉄・金属,金属製品
6652,ＩＤＥＣ,電気機器,電気機器
6724,セイコーエプソン,電気機器,電気機器
7261,マツダ,自動車,輸送用機器
7267,ホンダ,自動車,輸送用機器
7313,テイ・エステック,自動車,輸送用機器
7762,シチズン時計,精密機器,精密機器
7956,ピジョン,その他製造,その他製品
8097,三愛オブリ,商社,卸売業
8130,サンゲツ,商社,卸売業
8252,丸井グループ,小売業,小売業
8309,三井住友トラストグループ,銀行,銀行業
8593,三菱ＨＣキャピタル,その他金融,その他金融業
8725,ＭＳ＆ＡＤインシュアランスグループホールディングス,保険,保険業
8750,第一ライフグループ,保険,保険業
8771,イー・ギャランティ,その他金融,その他金融業
8929,青山財産ネットワークス,サービス,不動産業
9104,商船三井,海運,海運業
9107,川崎汽船,海運,海運業
9364,上組,倉庫,倉庫・運輸関連業
